2020-02-26 11:12:55.980399,50,22,0.07506665388743082,121.44832935892441,300,byPanel,0.6,byPanel,0.4,"[[3, 0], [7, 4], [7, 10], [7, 6], [1, 9], [4, 7], [4, 8], [5, 5], [4, 2], [0, 1], [7, 3]]","['0', '1', '1', '0', '0', '0', '0', '1', '1', '1', '0', '1', '0', '0', '1', '1', '1', '1', '0', '1', '0', '1', '1', '1', '0', '1', '1', '0', '0', '0', '1', '1', '0', '0', '1', '1', '0', '0', '0', '1', '1', '1', '1', '0', '0', '1', '0', '0', '0', '1', '0', '1', '0', '1', '0', '1', '1', '0', '0', '0', '0', '1', '0', '0', '0', '0', '0', '0', '0', '1', '1', '1', '1', '0', '0', '1', '1']","[230.26506871980285, 198.00054708267535, 125.82815434286147, 121.44832935892441]"
2020-02-26 11:13:00.459957,50,40,0.0736759583155314,132.3650173679744,300,byPanel,0.6,byPanel,0.4,"[[4, 0], [3, 4], [3, 2], [6, 1], [6, 3], [6, 5], [1, 8], [2, 10], [1, 7], [2, 9], [2, 6]]","['1', '0', '0', '0', '0', '0', '0', '0', '1', '1', '0', '1', '0', '0', '0', '1', '1', '0', '0', '1', '0', '1', '1', '0', '0', '0', '0', '1', '1', '1', '0', '0', '0', '1', '1', '1', '1', '0', '0', '1', '0', '1', '0', '0', '1', '1', '0', '0', '0', '0', '1', '0', '1', '0', '1', '0', '0', '0', '1', '0', '1', '1', '1', '0', '1', '0', '1', '0', '0', '1', '0', '1', '0', '0', '1', '1', '0']","[1274.7440555903356, 314.004154839687, 277.5940750617876, 268.6197430378606, 249.68239399717334, 144.29380090364663, 132.3650173679744]"
2020-02-26 11:13:05.029956,50,42,0.075166650613149,125.06147934109579,300,byPanel,0.6,byPanel,0.4,"[[5, 0], [7, 3], [1, 1], [6, 2], [6, 4], [4, 8], [4, 10], [0, 7], [2, 6], [3, 9], [5, 5]]","['1', '0', '1', '0', '0', '0', '0', '1', '1', '1', '0', '0', '1', '1', '0', '0', '1', '0', '0', '0', '1', '1', '1', '0', '0', '0', '1', '0', '1', '1', '0', '0', '1', '0', '0', '1', '0', '0', '1', '0', '0', '0', '1', '0', '0', '1', '0', '1', '0', '0', '0', '0', '0', '1', '1', '1', '0', '1', '0', '0', '1', '1', '0', '0', '1', '1', '1', '0', '0', '1', '1', '0', '1', '0', '1', '0', '1']","[197.88970230038643, 197.65371437215745, 195.02128789023124, 179.0903095529419, 169.9976000183518, 125.06147934109579]"
2020-02-26 11:13:14.585957,50,23,0.15740000406901042,140.63945892395975,300,byPanel,0.6,byPanel,0.4,"[[7, 0], [5, 1], [1, 3], [3, 5], [4, 2], [6, 4], [4, 10], [7, 8], [6, 9], [4, 6], [1, 7]]","['1', '1', '1', '0', '0', '0', '0', '1', '0', '1', '0', '0', '0', '1', '0', '0', '1', '0', '0', '1', '1', '0', '1', '1', '0', '1', '0', '1', '1', '0', '0', '0', '0', '1', '0', '1', '1', '0', '0', '1', '0', '0', '1', '0', '0', '1', '0', '1', '0', '1', '1', '1', '1', '0', '0', '0', '1', '1', '0', '1', '0', '0', '1', '1', '0', '0', '0', '1', '1', '0', '0', '0', '1', '0', '1', '1', '1']","[468.3609947286086, 380.9890129185276, 251.74652329684335, 183.12424396057392, 151.36276358905624, 140.63945892395975]"
2020-02-26 11:13:24.019956,50,0,0.15383330186208088,165.7936601745712,300,byPanel,0.6,byPanel,0.4,"[[1, 0], [1, 1], [4, 2], [6, 3], [7, 5], [0, 4], [5, 10], [7, 6], [3, 7], [4, 8], [2, 9]]","['0', '0', '1', '0', '0', '0', '0', '0', '0', '1', '0', '0', '0', '1', '1', '0', '0', '0', '0', '1', '0', '1', '1', '0', '0', '0', '1', '1', '1', '1', '1', '0', '1', '0', '1', '0', '0', '0', '0', '1', '0', '0', '1', '0', '1', '1', '0', '1', '0', '1', '1', '1', '0', '1', '1', '0', '0', '1', '1', '0', '1', '1', '1', '1', '0', '0', '1', '0', '0', '0', '0', '1', '0', '1', '0', '0', '1']",[165.7936601745712]
2020-02-26 11:13:28.807956,50,24,0.07779999176661173,125.06115584204753,300,byPanel,0.6,byPanel,0.4,"[[7, 0], [5, 3], [7, 4], [4, 6], [7, 9], [3, 8], [6, 7], [6, 10], [5, 5], [5, 2], [0, 1]]","['1', '1', '1', '0', '0', '0', '0', '1', '0', '1', '0', '0', '1', '1', '1', '1', '1', '0', '1', '0', '0', '1', '0', '0', '0', '1', '1', '0', '1', '1', '1', '1', '0', '0', '1', '0', '1', '1', '1', '0', '0', '0', '1', '1', '0', '0', '1', '1', '1', '1', '1', '0', '1', '0', '1', '0', '1', '0', '1', '0', '1', '0', '1', '1', '0', '1', '0', '0', '1', '0', '0', '0', '0', '0', '0', '0', '1']","[400.178722495083, 262.9732485536314, 253.26441712285893, 128.68686906320917, 125.06115584204753]"
2020-02-26 11:13:33.305956,50,12,0.07406663497289022,120.00531212504397,300,byPanel,0.6,byPanel,0.4,"[[3, 0], [7, 3], [1, 1], [0, 2], [2, 5], [6, 4], [0, 8], [0, 10], [3, 6], [7, 9], [6, 7]]","['0', '1', '1', '0', '0', '0', '0', '1', '1', '1', '0', '0', '1', '1', '0', '0', '1', '0', '0', '0', '1', '0', '0', '0', '0', '0', '1', '0', '0', '1', '0', '0', '1', '0', '1', '1', '1', '0', '0', '1', '0', '0', '0', '0', '0', '1', '0', '0', '0', '0', '0', '0', '1', '0', '1', '0', '0', '1', '1', '0', '1', '1', '0', '1', '1', '1', '1', '0', '0', '1', '1', '1', '0', '0', '1', '1', '1']","[324.0454600162719, 257.27140409056204, 224.73218873197953, 120.00531212504397]"
2020-02-26 11:13:37.729957,50,38,0.07266664107640584,111.11733314096739,300,byPanel,0.6,byPanel,0.4,"[[3, 0], [3, 1], [6, 2], [6, 5], [0, 10], [2, 6], [3, 9], [6, 7], [0, 8], [4, 4], [0, 3]]","['0', '1', '1', '0', '0', '0', '0', '0', '1', '1', '0', '0', '0', '1', '1', '1', '0', '0', '0', '1', '0', '1', '1', '0', '0', '1', '0', '1', '0', '0', '0', '1', '0', '1', '0', '0', '1', '0', '0', '1', '1', '0', '0', '1', '1', '1', '0', '0', '1', '1', '1', '0', '0', '1', '1', '1', '0', '0', '0', '1', '0', '0', '0', '1', '0', '0', '0', '1', '0', '0', '0', '0', '0', '0', '0', '1', '1']","[1174.5024494498812, 283.2126907613688, 270.5303827918244, 160.42264046773698, 124.22297433265456, 111.11733314096739]"
2020-02-26 11:13:42.198956,50,15,0.07356664339701334,110.09173783963439,300,byPanel,0.6,byPanel,0.4,"[[3, 0], [1, 3], [6, 1], [7, 2], [6, 5], [1, 8], [0, 9], [4, 6], [5, 7], [3, 10], [0, 4]]","['0', '1', '1', '0', '0', '0', '0', '0', '0', '1', '0', '0', '1', '1', '1', '1', '0', '0', '0', '0', '1', '1', '1', '1', '0', '0', '1', '0', '1', '1', '0', '0', '1', '0', '1', '0', '0', '1', '1', '0', '0', '0', '0', '0', '0', '1', '0', '0', '1', '1', '0', '0', '0', '1', '1', '0', '1', '0', '1', '0', '1', '1', '1', '0', '1', '1', '1', '0', '1', '0', '0', '0', '0', '0', '1', '0', '0']","[1240.513913030276, 380.723393020308, 221.570663508054, 220.33265823696246, 177.29880430034805, 174.0564465220477, 144.05430613282857, 110.09173783963439]"
2020-02-26 11:13:46.744956,50,46,0.0748832662900289,96.17414494858888,300,byPanel,0.6,byPanel,0.4,"[[6, 0], [1, 3], [6, 4], [6, 10], [0, 7], [0, 6], [1, 9], [0, 8], [4, 5], [5, 2], [6, 1]]","['1', '1', '0', '0', '0', '0', '0', '0', '0', '1', '0', '0', '1', '1', '1', '1', '0', '0', '1', '0', '0', '1', '1', '0', '1', '0', '1', '0', '0', '0', '0', '0', '1', '1', '1', '0', '0', '0', '0', '1', '1', '0', '0', '0', '1', '1', '0', '0', '1', '0', '0', '0', '1', '0', '0', '0', '1', '0', '0', '0', '1', '0', '1', '1', '0', '1', '0', '0', '1', '0', '1', '1', '0', '0', '0', '0', '1']","[1224.5456035265222, 364.1250454581383, 361.6076291918123, 229.40151550113538, 159.60834903919357, 115.41255344877041, 96.17414494858888]"
2020-02-26 11:13:51.172956,50,34,0.07289998531341553,100.82476094134265,300,byPanel,0.6,byPanel,0.4,"[[7, 0], [7, 4], [5, 6], [1, 9], [4, 8], [6, 7], [4, 10], [5, 5], [6, 2], [0, 3], [3, 1]]","['1', '1', '1', '0', '0', '0', '0', '1', '1', '1', '0', '1', '0', '0', '1', '0', '1', '0', '1', '1', '0', '0', '0', '1', '1', '0', '0', '1', '1', '0', '0', '1', '0', '0', '0', '1', '1', '0', '0', '1', '1', '1', '1', '0', '0', '1', '0', '1', '0', '1', '0', '1', '0', '1', '0', '1', '1', '1', '0', '0', '0', '1', '0', '0', '0', '0', '0', '0', '1', '1', '0', '1', '1', '0', '0', '0', '1']","[221.3320212309401, 154.661604436584, 147.8264323270827, 134.25818336629305, 124.6499068104078, 100.82476094134265]"
2020-02-26 11:13:57.056957,50,35,0.09713332255681356,124.63645256264289,300,byPanel,0.6,byPanel,0.4,"[[2, 0], [3, 4], [0, 3], [1, 1], [2, 2], [7, 5], [6, 8], [4, 9], [7, 7], [7, 6], [5, 10]]","['0', '1', '0', '0', '0', '0', '0', '0', '1', '1', '0', '1', '0', '0', '0', '0', '0', '0', '0', '1', '1', '0', '0', '1', '0', '0', '0', '1', '0', '1', '0', '0', '0', '1', '0', '1', '1', '1', '0', '1', '0', '1', '1', '1', '0', '1', '0', '0', '0', '1', '0', '0', '1', '0', '0', '1', '1', '1', '1', '0', '1', '1', '1', '1', '1', '1', '0', '1', '1', '0', '1', '0', '1', '1', '0', '1', '0']","[498.0908129268163, 462.2836392606837, 237.64359288136347, 234.43169784585103, 157.1836950314108, 148.02999935750165, 124.63645256264289]"
2020-02-26 11:14:07.048957,50,49,0.16421666940053303,117.9654666472783,300,byPanel,0.6,byPanel,0.4,"[[7, 0], [5, 3], [1, 1], [3, 2], [6, 4], [3, 8], [0, 10], [4, 6], [7, 7], [7, 9], [4, 5]]","['1', '1', '1', '0', '0', '0', '0', '1', '0', '1', '0', '0', '1', '1', '0', '0', '1', '0', '0', '0', '1', '0', '1', '1', '0', '0', '1', '0', '1', '1', '0', '0', '1', '0', '0', '0', '1', '1', '1', '0', '0', '0', '0', '0', '0', '1', '0', '1', '0', '1', '0', '0', '0', '1', '1', '0', '1', '1', '1', '0', '1', '1', '1', '1', '1', '1', '1', '0', '0', '1', '1', '0', '0', '0', '1', '0', '1']","[378.5430323463195, 271.1813124077578, 142.8959106399616, 133.7026983236059, 124.341934189, 117.9654666472783]"
2020-02-26 11:14:15.288956,50,4,0.13519999583562214,160.6326609855242,300,byPanel,0.6,byPanel,0.4,"[[2, 0], [7, 1], [1, 3], [6, 2], [7, 5], [4, 4], [5, 8], [6, 9], [4, 6], [5, 7], [1, 10]]","['0', '1', '0', '0', '0', '0', '0', '1', '1', '1', '0', '0', '0', '1', '0', '0', '1', '0', '0', '1', '1', '1', '1', '0', '0', '0', '1', '0', '1', '1', '1', '0', '1', '0', '1', '1', '0', '0', '0', '1', '0', '0', '1', '0', '1', '1', '0', '0', '0', '1', '1', '0', '1', '0', '0', '1', '1', '0', '0', '0', '1', '1', '0', '1', '0', '1', '0', '1', '1', '1', '0', '0', '1', '1', '0', '1', '0']","[1179.6982421872005, 249.10160217752275, 230.41698380485744, 160.6326609855242]"
2020-02-26 11:14:19.693957,50,32,0.07253332535425822,75.88648016926737,300,byPanel,0.6,byPanel,0.4,"[[3, 0], [1, 1], [2, 2], [6, 3], [3, 5], [6, 4], [1, 8], [0, 9], [1, 6], [7, 10], [7, 7]]","['0', '1', '1', '0', '0', '0', '0', '0', '0', '1', '0', '0', '0', '1', '0', '1', '0', '0', '0', '1', '0', '1', '1', '0', '0', '0', '1', '1', '0', '1', '1', '0', '1', '0', '1', '1', '1', '0', '0', '1', '0', '0', '0', '0', '1', '1', '0', '0', '0', '0', '0', '0', '1', '0', '0', '1', '0', '0', '1', '0', '1', '1', '0', '1', '1', '1', '1', '0', '1', '0', '1', '1', '1', '0', '1', '1', '1']","[1236.1070379645303, 185.30657027816483, 168.63682273899005, 143.7801210559351, 75.88648016926737]"
2020-02-26 11:14:24.019957,50,23,0.0709166685740153,131.6942279228443,300,byPanel,0.6,byPanel,0.4,"[[4, 0], [5, 3], [1, 1], [1, 2], [6, 4], [0, 5], [6, 10], [4, 7], [5, 8], [6, 9], [4, 6]]","['1', '0', '0', '0', '0', '0', '0', '1', '0', '1', '0', '0', '1', '1', '0', '0', '1', '0', '0', '0', '1', '0', '0', '1', '0', '0', '1', '0', '1', '1', '0', '0', '1', '0', '0', '0', '0', '0', '0', '1', '0', '1', '1', '1', '0', '1', '0', '1', '0', '1', '0', '0', '0', '1', '1', '1', '1', '0', '1', '1', '0', '0', '0', '1', '1', '0', '1', '0', '0', '1', '1', '0', '0', '0', '1', '1', '0']","[268.18025559830244, 251.2411620500347, 227.7590161235723, 178.02270485609822, 166.95074279298626, 131.6942279228443]"
2020-02-26 11:14:28.425956,50,5,0.0724833091100057,79.5504278249108,300,byPanel,0.6,byPanel,0.4,"[[3, 0], [5, 3], [1, 1], [7, 2], [6, 5], [4, 8], [2, 9], [1, 7], [0, 10], [7, 6], [5, 4]]","['0', '1', '1', '0', '0', '0', '0', '1', '0', '1', '0', '0', '1', '1', '0', '0', '1', '0', '0', '0', '1', '1', '1', '1', '0', '0', '1', '0', '1', '1', '0', '0', '1', '0', '1', '1', '0', '0', '1', '0', '0', '0', '0', '1', '0', '1', '0', '0', '1', '0', '0', '1', '0', '1', '1', '1', '0', '0', '0', '1', '0', '1', '0', '1', '1', '1', '0', '1', '1', '0', '1', '0', '1', '0', '1', '0', '0']","[1267.7238678618737, 1261.2138402432624, 1084.3212129666495, 355.3459045620316, 79.5504278249108]"
2020-02-26 11:14:32.743956,50,41,0.07104998032251994,120.39699225815744,300,byPanel,0.6,byPanel,0.4,"[[3, 0], [3, 3], [0, 2], [6, 5], [6, 10], [2, 7], [7, 6], [1, 9], [5, 8], [4, 4], [6, 1]]","['0', '1', '1', '0', '0', '0', '0', '0', '1', '1', '0', '0', '1', '1', '0', '0', '0', '0', '0', '1', '0', '1', '1', '0', '0', '1', '0', '1', '1', '1', '0', '1', '0', '1', '0', '0', '1', '0', '0', '1', '1', '1', '1', '1', '1', '0', '1', '1', '0', '0', '0', '1', '1', '0', '0', '1', '1', '0', '1', '1', '0', '0', '0', '1', '0', '0', '0', '1', '0', '0', '1', '1', '0', '0', '0', '0', '1']","[257.46964836521136, 232.37001059766845, 196.16191157604084, 192.2187392783198, 185.718653618463, 183.46210591830314, 180.997758124684, 120.39699225815744]"
2020-02-26 11:14:36.986957,50,48,0.0698333223660787,164.74363220677148,300,byPanel,0.6,byPanel,0.4,"[[2, 0], [7, 4], [1, 6], [7, 10], [7, 7], [7, 9], [2, 8], [5, 5], [6, 3], [7, 2], [2, 1]]","['0', '1', '0', '0', '0', '0', '0', '1', '1', '1', '0', '1', '0', '0', '0', '0', '1', '0', '1', '1', '0', '1', '1', '1', '1', '0', '1', '0', '1', '1', '1', '0', '1', '1', '1', '1', '1', '1', '1', '0', '0', '1', '0', '1', '0', '1', '0', '0', '0', '1', '0', '1', '0', '1', '0', '1', '1', '1', '0', '0', '0', '1', '1', '1', '1', '1', '0', '0', '1', '0', '0', '1', '0', '0', '0', '0', '1']","[440.4632407054911, 257.0609163977138, 240.43944210363432, 226.8897401125117, 223.01101095767945, 200.10531680725848, 183.9141191859796, 170.55814857768112, 164.74363220677148]"
2020-02-26 11:14:41.320957,50,19,0.07134999434153239,180.73649403717695,300,byPanel,0.6,byPanel,0.4,"[[1, 0], [1, 3], [4, 1], [3, 2], [7, 5], [0, 4], [1, 10], [2, 8], [0, 9], [7, 6], [1, 7]]","['0', '0', '1', '0', '0', '0', '0', '0', '0', '1', '0', '0', '1', '1', '1', '0', '0', '0', '0', '0', '1', '0', '1', '1', '0', '0', '1', '0', '1', '1', '1', '0', '1', '0', '1', '0', '0', '0', '0', '1', '0', '0', '0', '0', '1', '1', '0', '1', '0', '0', '1', '0', '1', '0', '0', '0', '0', '0', '0', '1', '0', '0', '1', '1', '1', '1', '0', '1', '1', '0', '0', '0', '1', '0', '1', '1', '1']","[1248.7700537968306, 309.13499643054837, 235.9493804804749, 207.14526375845423, 180.73649403717695]"
2020-02-26 11:14:45.600956,50,26,0.07044994433720907,127.43424122323967,300,byPanel,0.6,byPanel,0.4,"[[6, 0], [3, 1], [3, 2], [6, 3], [6, 5], [1, 8], [4, 7], [2, 9], [6, 6], [7, 10], [1, 4]]","['1', '1', '0', '0', '0', '0', '0', '0', '1', '1', '0', '0', '0', '1', '0', '1', '1', '0', '0', '1', '0', '1', '1', '0', '0', '0', '1', '1', '1', '1', '0', '0', '1', '0', '1', '0', '0', '1', '1', '0', '0', '0', '1', '0', '0', '0', '1', '1', '1', '0', '1', '0', '1', '0', '0', '1', '1', '1', '0', '0', '1', '1', '0', '1', '1', '1', '1', '0', '1', '0', '0', '0', '1', '0', '1', '0', '0']","[226.6362541354163, 177.27122020721902, 133.31773822037135, 128.29210559950872, 127.43424122323967]"
2020-02-26 11:14:49.885956,50,30,0.07054998079935709,117.98308581551615,300,byPanel,0.6,byPanel,0.4,"[[7, 0], [5, 1], [3, 3], [3, 5], [0, 2], [6, 4], [4, 10], [6, 7], [6, 8], [0, 9], [0, 6]]","['1', '1', '1', '0', '0', '0', '0', '1', '0', '1', '0', '0', '0', '1', '0', '1', '1', '0', '0', '1', '1', '0', '1', '1', '0', '1', '0', '1', '0', '0', '0', '0', '0', '1', '0', '1', '1', '0', '0', '1', '0', '0', '1', '0', '0', '1', '0', '1', '0', '1', '1', '0', '0', '1', '1', '1', '1', '1', '0', '1', '0', '0', '0', '0', '0', '0', '1', '0', '0', '1', '0', '0', '0', '0', '1', '1', '0']","[312.4964014374417, 273.39347249803086, 250.38104295402235, 180.5183774167912, 175.49680446602312, 154.58636345128312, 139.19628925111257, 117.98308581551615]"
2020-02-26 11:14:54.270957,50,48,0.07221663395563761,102.3960835320768,300,byPanel,0.6,byPanel,0.4,"[[6, 0], [5, 3], [1, 1], [5, 2], [7, 5], [1, 8], [6, 10], [4, 7], [2, 9], [6, 6], [5, 4]]","['1', '1', '0', '0', '0', '0', '0', '1', '0', '1', '0', '0', '1', '1', '0', '0', '1', '0', '0', '0', '1', '1', '0', '1', '0', '0', '1', '0', '1', '1', '1', '0', '1', '0', '1', '0', '0', '1', '1', '0', '0', '0', '1', '1', '0', '1', '0', '1', '0', '1', '0', '0', '0', '1', '1', '1', '0', '1', '0', '1', '0', '0', '1', '1', '1', '0', '0', '1', '1', '0', '1', '0', '1', '0', '1', '0', '0']","[431.90212858818205, 348.7244955207442, 210.88455259115318, 184.0748697005077, 182.06445279933413, 152.90895528929298, 148.97885892770955, 102.3960835320768]"
2020-02-26 11:14:58.566956,50,9,0.0707332690556844,113.20115314770158,300,byPanel,0.6,byPanel,0.4,"[[3, 0], [7, 4], [3, 6], [7, 9], [5, 8], [2, 7], [3, 10], [5, 5], [2, 2], [0, 1], [7, 3]]","['0', '1', '1', '0', '0', '0', '0', '1', '1', '1', '0', '1', '0', '0', '0', '1', '1', '0', '1', '1', '0', '1', '1', '1', '1', '0', '0', '1', '1', '0', '1', '1', '0', '0', '0', '0', '1', '0', '0', '1', '1', '1', '0', '1', '1', '1', '0', '1', '0', '1', '0', '1', '0', '1', '0', '1', '0', '1', '0', '0', '0', '1', '0', '0', '0', '0', '0', '0', '0', '1', '1', '1', '1', '0', '0', '1', '1']","[1120.4655270087042, 334.22721196967615, 187.21765181185347, 181.76887196144597, 152.30408208711236, 113.20115314770158]"
2020-02-26 11:15:02.856957,50,31,0.07061667839686075,94.85555077311005,300,byPanel,0.6,byPanel,0.4,"[[2, 0], [1, 1], [3, 2], [2, 4], [1, 3], [7, 5], [3, 8], [2, 9], [1, 7], [0, 10], [6, 6]]","['0', '1', '0', '0', '0', '0', '0', '0', '0', '1', '0', '0', '0', '1', '0', '1', '1', '0', '0', '1', '0', '0', '1', '0', '0', '1', '0', '0', '0', '0', '1', '0', '0', '1', '1', '1', '1', '1', '0', '1', '0', '1', '0', '1', '1', '1', '0', '0', '0', '0', '1', '0', '1', '0', '0', '1', '0', '0', '1', '0', '1', '1', '1', '0', '0', '0', '1', '0', '1', '0', '1', '1', '0', '0', '1', '1', '0']","[335.65629423579196, 302.39456285414803, 299.53504833927263, 201.41369906152377, 99.72394468590552, 94.85555077311005]"
2020-02-26 11:15:07.154957,50,47,0.07074998219807943,153.7851185144269,300,byPanel,0.6,byPanel,0.4,"[[6, 0], [7, 3], [3, 1], [7, 2], [6, 5], [6, 10], [3, 8], [0, 4], [1, 6], [1, 9], [2, 7]]","['1', '1', '0', '0', '0', '0', '0', '1', '1', '1', '0', '0', '1', '1', '0', '1', '1', '0', '0', '0', '1', '1', '1', '1', '0', '0', '1', '0', '1', '1', '0', '0', '1', '0', '1', '1', '1', '0', '1', '0', '1', '0', '0', '1', '1', '1', '0', '0', '0', '0', '0', '0', '0', '1', '0', '0', '0', '0', '1', '0', '1', '1', '0', '0', '0', '1', '1', '0', '0', '1', '0', '1', '0', '0', '1', '1', '1']","[380.15869467273603, 256.73278845861336, 229.1061162081911, 182.8221484924113, 174.3742813736717, 168.2806813985545, 157.10536218605137, 153.7851185144269]"
2020-02-26 11:15:11.474956,50,35,0.07113327185312907,121.64807342135235,300,byPanel,0.6,byPanel,0.4,"[[3, 0], [7, 4], [6, 6], [5, 9], [6, 7], [2, 8], [4, 10], [5, 5], [6, 2], [4, 1], [2, 3]]","['0', '1', '1', '0', '0', '0', '0', '1', '1', '1', '0', '1', '0', '0', '1', '1', '0', '0', '1', '1', '0', '1', '0', '1', '1', '0', '0', '1', '1', '1', '0', '0', '1', '1', '1', '0', '1', '0', '1', '0', '0', '0', '1', '0', '0', '1', '0', '1', '0', '1', '0', '1', '0', '1', '0', '1', '1', '1', '0', '0', '0', '1', '0', '1', '0', '0', '0', '0', '0', '1', '0', '1', '0', '0', '0', '1', '1']","[1168.9356577131111, 417.05636522211125, 272.6681347255043, 238.62826734156917, 222.1740042718329, 126.4037956734823, 121.64807342135235]"
2020-02-26 11:15:15.756956,50,11,0.07048332691192627,131.15248095170426,300,byPanel,0.6,byPanel,0.4,"[[1, 0], [7, 4], [1, 10], [2, 7], [2, 6], [1, 9], [1, 8], [4, 5], [1, 2], [4, 3], [2, 1]]","['0', '0', '1', '0', '0', '0', '0', '1', '1', '1', '0', '1', '0', '0', '0', '0', '1', '1', '0', '1', '0', '0', '1', '0', '0', '1', '1', '1', '0', '1', '0', '0', '1', '1', '0', '0', '0', '1', '1', '0', '0', '1', '0', '0', '1', '1', '0', '0', '0', '1', '0', '0', '0', '1', '0', '1', '0', '0', '1', '0', '0', '1', '0', '1', '0', '0', '0', '0', '1', '1', '0', '1', '0', '0', '0', '0', '1']","[418.59189621297213, 321.7775715650904, 244.1561252838959, 143.0521911591538, 131.15248095170426]"
2020-02-26 11:15:20.029955,50,22,0.07029998302459717,127.935284950387,300,byPanel,0.6,byPanel,0.4,"[[7, 0], [3, 1], [2, 2], [6, 3], [6, 4], [4, 8], [0, 10], [6, 6], [1, 9], [4, 7], [0, 5]]","['1', '1', '1', '0', '0', '0', '0', '0', '1', '1', '0', '0', '0', '1', '0', '1', '0', '0', '0', '1', '0', '1', '1', '0', '0', '0', '1', '1', '1', '1', '0', '0', '1', '0', '0', '1', '0', '0', '1', '0', '0', '0', '0', '0', '0', '1', '0', '1', '0', '1', '1', '0', '0', '1', '1', '0', '0', '0', '1', '1', '0', '0', '1', '1', '0', '0', '0', '1', '1', '1', '0', '0', '0', '0', '1', '0', '1']","[219.9847284874058, 199.43291872301586, 192.36185091115038, 167.30894560727214, 127.935284950387]"
2020-02-26 11:15:24.361957,50,19,0.07133334875106812,134.20688107398806,300,byPanel,0.6,byPanel,0.4,"[[6, 0], [5, 3], [3, 1], [3, 2], [6, 5], [2, 8], [2, 9], [7, 7], [5, 10], [6, 6], [5, 4]]","['1', '1', '0', '0', '0', '0', '0', '1', '0', '1', '0', '0', '1', '1', '0', '1', '1', '0', '0', '0', '1', '0', '1', '1', '0', '0', '1', '0', '1', '1', '0', '0', '1', '0', '1', '0', '1', '0', '1', '0', '0', '0', '0', '1', '0', '1', '0', '0', '1', '1', '1', '1', '0', '1', '1', '1', '1', '0', '1', '1', '0', '1', '0', '1', '1', '0', '0', '1', '1', '0', '1', '0', '1', '0', '1', '0', '0']","[297.25339391972955, 221.1744183023262, 191.27087821548034, 160.45434828165412, 159.82450852614232, 134.20688107398806]"
2020-02-26 11:15:28.883957,50,36,0.07433327436447143,119.26079509642264,300,byPanel,0.6,byPanel,0.4,"[[1, 0], [7, 1], [1, 3], [3, 5], [0, 2], [6, 4], [5, 8], [0, 10], [3, 7], [2, 9], [2, 6]]","['0', '0', '1', '0', '0', '0', '0', '1', '1', '1', '0', '0', '0', '1', '0', '0', '1', '0', '0', '1', '1', '0', '1', '1', '0', '1', '0', '1', '0', '0', '0', '0', '0', '1', '0', '1', '1', '0', '0', '1', '0', '0', '1', '0', '1', '1', '0', '0', '0', '0', '0', '0', '1', '0', '1', '0', '0', '1', '1', '0', '1', '1', '1', '0', '1', '0', '1', '0', '0', '1', '0', '1', '0', '0', '1', '1', '0']","[247.8834092710819, 231.61613137398294, 231.35860312248664, 212.30030233765297, 182.04892320484007, 151.0779949912087, 138.58394328335473, 119.26079509642264]"
2020-02-26 11:15:33.157957,50,14,0.07036662101745605,103.60740618291571,300,byPanel,0.6,byPanel,0.4,"[[5, 0], [7, 3], [1, 1], [7, 2], [6, 4], [0, 5], [4, 8], [6, 10], [2, 7], [7, 6], [5, 9]]","['1', '0', '1', '0', '0', '0', '0', '1', '1', '1', '0', '0', '1', '1', '0', '0', '1', '0', '0', '0', '1', '1', '1', '1', '0', '0', '1', '0', '1', '1', '0', '0', '1', '0', '0', '0', '0', '0', '0', '1', '0', '1', '1', '0', '0', '1', '0', '0', '0', '1', '1', '0', '1', '0', '1', '0', '0', '1', '0', '0', '1', '1', '1', '1', '1', '1', '0', '1', '1', '0', '1', '0', '1', '1', '0', '0', '1']","[1211.673450198186, 358.4557689658317, 335.1470035808204, 279.339439864171, 278.54015537631506, 265.5143225418213, 169.3991272564531, 158.90778155725977, 103.60740618291571]"
2020-02-26 11:15:37.424957,50,9,0.07021667957305908,100.06849710975317,300,byPanel,0.6,byPanel,0.4,"[[7, 0], [1, 3], [5, 2], [4, 1], [3, 5], [6, 4], [2, 10], [7, 6], [1, 9], [4, 7], [3, 8]]","['1', '1', '1', '0', '0', '0', '0', '0', '0', '1', '0', '0', '1', '1', '1', '0', '1', '0', '0', '1', '0', '1', '0', '0', '0', '0', '0', '1', '0', '1', '1', '0', '1', '0', '1', '1', '1', '0', '0', '1', '0', '0', '0', '1', '0', '1', '0', '1', '0', '1', '1', '1', '0', '1', '1', '0', '0', '0', '1', '1', '0', '0', '1', '1', '0', '0', '0', '1', '1', '1', '0', '1', '1', '1', '0', '0', '0']","[1250.0489364361422, 422.55412152350544, 283.68146372959177, 258.4327013836866, 222.80804461934878, 100.06849710975317]"
2020-02-26 11:15:41.708957,50,19,0.0705166737238566,141.58617695714935,300,byPanel,0.6,byPanel,0.4,"[[2, 0], [3, 3], [7, 5], [0, 10], [7, 7], [2, 6], [3, 9], [6, 8], [4, 4], [7, 2], [4, 1]]","['0', '1', '0', '0', '0', '0', '0', '0', '1', '1', '0', '0', '1', '1', '1', '1', '1', '0', '1', '0', '1', '0', '0', '0', '1', '0', '1', '0', '1', '1', '1', '0', '1', '1', '1', '0', '1', '0', '0', '1', '1', '0', '0', '1', '1', '1', '0', '0', '1', '1', '1', '0', '1', '0', '0', '0', '1', '0', '0', '0', '1', '0', '0', '1', '1', '1', '0', '0', '1', '0', '1', '0', '0', '0', '0', '0', '1']","[201.2710607250649, 175.57833391817255, 159.48640855772888, 150.91812406723693, 141.58617695714935]"
2020-02-26 11:15:46.021957,50,16,0.07098334232966105,113.36332791088508,300,byPanel,0.6,byPanel,0.4,"[[5, 0], [7, 3], [3, 1], [3, 2], [6, 4], [2, 10], [3, 6], [7, 7], [3, 9], [7, 8], [0, 5]]","['1', '0', '1', '0', '0', '0', '0', '1', '1', '1', '0', '0', '1', '1', '0', '1', '1', '0', '0', '0', '1', '0', '1', '1', '0', '0', '1', '0', '1', '1', '0', '0', '1', '0', '0', '0', '1', '0', '1', '0', '1', '0', '0', '1', '1', '0', '1', '1', '0', '1', '1', '1', '0', '1', '1', '1', '0', '1', '1', '1', '0', '0', '1', '1', '1', '1', '1', '0', '0', '0', '0', '0', '0', '0', '1', '0', '1']","[375.76521924858685, 258.89221957775146, 255.13713391906344, 173.3882797347885, 173.36504169707493, 113.36332791088508]"
2020-02-26 11:15:50.295956,50,26,0.07038331826527913,102.55827328764855,300,byPanel,0.6,byPanel,0.4,"[[6, 0], [5, 3], [1, 1], [7, 2], [7, 5], [2, 10], [3, 7], [7, 8], [2, 9], [6, 6], [1, 4]]","['1', '1', '0', '0', '0', '0', '0', '1', '0', '1', '0', '0', '1', '1', '0', '0', '1', '0', '0', '0', '1', '1', '1', '1', '0', '0', '1', '0', '1', '1', '1', '0', '1', '0', '1', '0', '1', '0', '1', '0', '1', '0', '0', '1', '1', '0', '1', '1', '1', '1', '1', '1', '1', '0', '0', '0', '0', '1', '0', '1', '0', '0', '1', '1', '1', '0', '0', '1', '1', '0', '0', '0', '1', '0', '1', '0', '0']","[140.8346924305467, 136.47282316966215, 126.85969217864621, 102.55827328764855]"
2020-02-26 11:15:54.651957,50,38,0.07171666622161865,111.25241749862883,300,byPanel,0.6,byPanel,0.4,"[[2, 0], [7, 3], [1, 1], [6, 2], [7, 5], [4, 10], [0, 4], [1, 6], [3, 7], [3, 8], [6, 9]]","['0', '1', '0', '0', '0', '0', '0', '1', '1', '1', '0', '0', '1', '1', '0', '0', '1', '0', '0', '0', '1', '1', '1', '0', '0', '0', '1', '0', '1', '1', '1', '0', '1', '0', '1', '1', '0', '0', '1', '0', '1', '0', '0', '0', '0', '0', '1', '0', '0', '0', '0', '1', '0', '1', '1', '0', '0', '1', '1', '0', '1', '1', '1', '0', '1', '1', '1', '0', '0', '0', '1', '1', '0', '1', '0', '0', '1']","[322.66962860052735, 297.5539640156583, 178.8630557372325, 144.30901545604516, 142.63473916744988, 141.254557887848, 123.00649555582852, 111.25241749862883]"
2020-02-26 11:15:59.039957,50,46,0.07224996884663899,117.87352998190659,300,byPanel,0.6,byPanel,0.4,"[[4, 0], [3, 4], [4, 2], [0, 1], [3, 3], [7, 5], [6, 8], [4, 9], [5, 7], [3, 6], [1, 10]]","['1', '0', '0', '0', '0', '0', '0', '0', '1', '1', '0', '1', '0', '0', '1', '0', '0', '0', '0', '1', '0', '0', '0', '0', '0', '0', '0', '1', '0', '1', '1', '0', '0', '1', '1', '1', '1', '1', '0', '1', '0', '1', '1', '1', '0', '1', '0', '0', '0', '1', '0', '0', '1', '0', '0', '1', '1', '0', '1', '0', '1', '1', '1', '0', '1', '1', '0', '1', '1', '0', '0', '0', '1', '1', '0', '1', '0']","[1115.7614143979615, 204.5479228182084, 182.68513787450732, 151.7688418273239, 140.7269959961434, 134.94459779377206, 117.87352998190659]"
2020-02-26 11:16:03.339957,50,25,0.0707833210627238,91.37763608596156,300,byPanel,0.6,byPanel,0.4,"[[3, 0], [1, 1], [7, 2], [2, 5], [0, 3], [7, 4], [1, 10], [7, 8], [4, 9], [6, 6], [1, 7]]","['0', '1', '1', '0', '0', '0', '0', '0', '0', '1', '0', '0', '0', '1', '1', '1', '1', '0', '0', '1', '0', '0', '1', '0', '0', '1', '0', '1', '0', '0', '0', '0', '0', '1', '1', '1', '1', '1', '0', '1', '0', '0', '0', '0', '1', '1', '0', '1', '0', '1', '1', '1', '1', '0', '0', '0', '1', '0', '0', '1', '0', '0', '1', '1', '1', '0', '0', '1', '1', '0', '0', '0', '1', '0', '1', '1', '1']","[341.87858738833603, 229.66251489458227, 203.50031241908545, 170.45099411064285, 137.94366291291533, 120.5708484023173, 91.37763608596156]"
2020-02-26 11:16:07.704956,50,28,0.0718499779701233,121.48969715444554,300,byPanel,0.6,byPanel,0.4,"[[2, 0], [3, 1], [6, 3], [6, 2], [7, 5], [6, 8], [6, 9], [5, 6], [1, 7], [2, 10], [1, 4]]","['0', '1', '0', '0', '0', '0', '0', '0', '1', '1', '0', '0', '0', '1', '1', '1', '0', '0', '0', '1', '1', '1', '1', '0', '0', '0', '1', '0', '1', '1', '1', '0', '1', '0', '1', '1', '1', '0', '1', '0', '0', '0', '1', '1', '0', '1', '0', '0', '1', '1', '0', '1', '0', '1', '1', '0', '0', '0', '1', '0', '1', '1', '1', '0', '1', '0', '1', '0', '1', '0', '0', '0', '1', '0', '1', '0', '0']","[1240.8690731172824, 1205.915742628856, 339.104653045931, 212.4789764236888, 186.15028197285062, 176.72004112635983, 149.66519358355058, 138.61184165893582, 121.48969715444554]"
2020-02-26 11:16:12.132957,50,14,0.0729333519935608,133.12744252093194,300,byPanel,0.6,byPanel,0.4,"[[7, 0], [1, 3], [4, 1], [6, 2], [6, 5], [1, 8], [4, 9], [7, 6], [1, 10], [0, 4], [7, 7]]","['1', '1', '1', '0', '0', '0', '0', '0', '0', '1', '0', '0', '1', '1', '1', '0', '0', '0', '0', '0', '1', '1', '1', '0', '0', '0', '1', '0', '1', '1', '0', '0', '1', '0', '1', '0', '0', '1', '1', '0', '0', '0', '1', '0', '0', '1', '0', '0', '1', '1', '1', '1', '0', '1', '1', '0', '0', '0', '1', '1', '0', '1', '0', '0', '0', '0', '0', '1', '0', '0', '1', '1', '1', '0', '1', '1', '1']","[279.42366411330084, 143.49955701764426, 133.12744252093194]"
2020-02-26 11:16:16.444958,50,1,0.07098336219787597,117.79289433729365,300,byPanel,0.6,byPanel,0.4,"[[5, 0], [1, 1], [5, 2], [2, 3], [3, 4], [7, 5], [4, 8], [4, 9], [5, 7], [2, 6], [5, 10]]","['1', '0', '1', '0', '0', '0', '0', '0', '0', '1', '0', '0', '0', '1', '1', '0', '1', '0', '0', '1', '0', '0', '1', '0', '0', '0', '1', '1', '0', '1', '1', '0', '1', '0', '0', '1', '1', '1', '0', '1', '0', '1', '1', '0', '0', '1', '0', '0', '0', '1', '0', '0', '1', '0', '0', '1', '1', '0', '1', '0', '1', '1', '1', '0', '1', '0', '0', '1', '1', '0', '1', '0', '1', '1', '0', '1', '0']","[258.2493261578113, 117.79289433729365]"
2020-02-26 11:16:20.742956,50,40,0.07048333088556925,127.92461698961932,300,byPanel,0.6,byPanel,0.4,"[[2, 0], [3, 1], [0, 2], [2, 4], [1, 3], [6, 5], [4, 10], [1, 8], [0, 9], [0, 6], [1, 7]]","['0', '1', '0', '0', '0', '0', '0', '0', '1', '1', '0', '0', '0', '1', '0', '0', '0', '0', '0', '1', '0', '0', '1', '0', '0', '1', '0', '0', '0', '0', '1', '0', '0', '1', '1', '1', '1', '0', '0', '1', '0', '1', '1', '0', '0', '1', '0', '1', '0', '0', '0', '1', '1', '0', '0', '0', '0', '0', '0', '1', '0', '0', '1', '0', '0', '0', '0', '1', '1', '0', '0', '0', '1', '0', '1', '1', '1']","[142.93787107686273, 127.92461698961932]"
2020-02-26 11:16:25.050959,50,35,0.07071669499079386,122.72193047022029,300,byPanel,0.6,byPanel,0.4,"[[7, 0], [3, 1], [6, 3], [4, 2], [7, 5], [5, 8], [2, 10], [5, 6], [5, 7], [7, 9], [0, 4]]","['1', '1', '1', '0', '0', '0', '0', '0', '1', '1', '0', '0', '0', '1', '1', '1', '0', '0', '0', '1', '1', '1', '0', '0', '0', '0', '1', '0', '1', '1', '1', '0', '1', '0', '1', '1', '0', '1', '1', '0', '0', '0', '0', '1', '0', '1', '0', '1', '0', '1', '0', '1', '0', '1', '1', '0', '1', '0', '1', '0', '1', '1', '1', '1', '1', '1', '1', '0', '0', '1', '0', '0', '0', '0', '1', '0', '0']","[404.1931565428654, 228.30413475406877, 194.3464495908509, 160.45758691925693, 146.8227217468727, 122.72193047022029]"
2020-02-26 11:16:29.332956,50,18,0.07048332691192627,146.60412085179755,300,byPanel,0.6,byPanel,0.4,"[[2, 0], [5, 1], [1, 3], [3, 2], [6, 5], [0, 4], [4, 6], [3, 9], [3, 8], [6, 7], [2, 10]]","['0', '1', '0', '0', '0', '0', '0', '1', '0', '1', '0', '0', '0', '1', '0', '0', '1', '0', '0', '1', '1', '0', '1', '1', '0', '0', '1', '0', '1', '1', '0', '0', '1', '0', '1', '0', '0', '0', '0', '1', '0', '0', '1', '0', '0', '0', '1', '1', '0', '0', '1', '1', '1', '0', '0', '1', '0', '1', '1', '1', '0', '0', '0', '1', '1', '0', '0', '1', '1', '1', '0', '1', '0', '1', '0', '1', '0']","[308.334040517206, 218.04382757108985, 154.80242473422862, 146.60412085179755]"
2020-02-26 11:16:33.634956,50,46,0.07079999844233195,121.10349883217,300,byPanel,0.6,byPanel,0.4,"[[7, 0], [7, 4], [1, 10], [3, 8], [6, 9], [4, 6], [3, 7], [5, 5], [6, 3], [2, 2], [2, 1]]","['1', '1', '1', '0', '0', '0', '0', '1', '1', '1', '0', '1', '0', '0', '0', '0', '1', '1', '0', '1', '0', '0', '1', '1', '1', '0', '0', '0', '1', '1', '0', '1', '0', '0', '1', '1', '0', '0', '0', '1', '1', '0', '0', '1', '1', '0', '1', '1', '1', '1', '0', '1', '0', '1', '0', '1', '1', '1', '0', '0', '0', '1', '1', '0', '1', '0', '0', '0', '1', '0', '0', '1', '0', '0', '0', '0', '1']","[1194.4910684902068, 327.52581288576494, 214.17199607649948, 135.55119234191005, 135.34208659022826, 121.10349883217]"
2020-02-26 11:16:38.038956,50,19,0.07251665592193604,106.1992916279352,300,byPanel,0.6,byPanel,0.4,"[[6, 0], [5, 3], [1, 1], [2, 2], [6, 4], [0, 8], [0, 5], [2, 10], [5, 6], [5, 9], [0, 7]]","['1', '1', '0', '0', '0', '0', '0', '1', '0', '1', '0', '0', '1', '1', '0', '0', '1', '0', '0', '0', '1', '0', '1', '0', '0', '0', '1', '0', '1', '1', '0', '0', '1', '0', '0', '0', '0', '0', '1', '0', '0', '0', '0', '0', '0', '0', '1', '0', '1', '0', '1', '0', '1', '0', '1', '0', '1', '0', '1', '0', '1', '1', '0', '1', '0', '1', '1', '0', '0', '1', '0', '0', '0', '0', '1', '1', '1']","[282.2232390176966, 226.71561809435192, 210.60927987138658, 181.26791114587706, 121.82234536237607, 106.1992916279352]"
2020-02-26 11:16:42.346956,50,34,0.07089997132619222,165.44075021072524,300,byPanel,0.6,byPanel,0.4,"[[2, 0], [5, 1], [3, 3], [2, 5], [5, 2], [6, 4], [3, 8], [2, 10], [1, 7], [6, 9], [2, 6]]","['0', '1', '0', '0', '0', '0', '0', '1', '0', '1', '0', '0', '0', '1', '0', '1', '1', '0', '0', '1', '1', '0', '1', '0', '0', '1', '0', '1', '1', '0', '1', '0', '0', '1', '0', '1', '1', '0', '0', '1', '0', '0', '0', '1', '1', '1', '0', '0', '0', '0', '1', '0', '1', '0', '1', '0', '0', '0', '1', '0', '1', '1', '1', '1', '1', '0', '1', '0', '0', '1', '0', '1', '0', '0', '1', '1', '0']","[1123.5415777422268, 277.0055642643038, 188.59690393820696, 180.45958283995787, 165.44075021072524]"
2020-02-26 11:16:46.608957,50,9,0.07014999389648438,152.19366714282904,300,byPanel,0.6,byPanel,0.4,"[[2, 0], [7, 4], [6, 6], [1, 10], [2, 8], [2, 9], [3, 7], [5, 5], [0, 2], [2, 1], [3, 3]]","['0', '1', '0', '0', '0', '0', '0', '1', '1', '1', '0', '1', '0', '0', '1', '1', '0', '0', '1', '1', '0', '0', '0', '1', '1', '0', '1', '0', '0', '1', '0', '1', '0', '0', '0', '0', '1', '0', '1', '0', '0', '1', '0', '1', '1', '0', '1', '1', '1', '1', '0', '1', '0', '1', '0', '1', '0', '0', '0', '0', '0', '1', '0', '0', '1', '0', '0', '0', '0', '1', '0', '1', '1', '0', '0', '1', '1']","[311.4506813935853, 308.48807830853013, 225.12115960279132, 219.13030882834855, 212.53742394633008, 152.19366714282904]"
2020-02-26 11:16:50.883957,50,12,0.07036670446395873,125.8766991498835,300,byPanel,0.6,byPanel,0.4,"[[3, 0], [1, 3], [6, 4], [4, 8], [6, 10], [0, 7], [6, 6], [5, 9], [5, 5], [1, 2], [2, 1]]","['0', '1', '1', '0', '0', '0', '0', '0', '0', '1', '0', '0', '1', '1', '1', '1', '0', '0', '1', '0', '0', '1', '0', '0', '1', '0', '0', '0', '1', '1', '0', '1', '0', '1', '0', '0', '0', '0', '0', '1', '1', '1', '1', '1', '0', '0', '1', '1', '0', '1', '0', '1', '1', '0', '0', '1', '1', '0', '1', '0', '1', '0', '1', '0', '0', '1', '0', '0', '1', '0', '0', '1', '0', '0', '0', '0', '1']","[229.47980508949368, 226.9452606011448, 153.3376938902957, 134.31501654805376, 125.8766991498835]"
